{"ndecoy": 89, "ndd": 16, "ntarget": 21, "fdr_thres": 138.2305677990381, "scores": [138.2305677990381, 132.96712575182428, 128.4363306838221, 125.2824944108925, 124.3515687940866, 122.38075833639331, 121.4181742871679, 120.6502431244923, 114.51462602273611, 114.0759330224517, 113.99562899000969, 112.55075956291681, 111.18264931794751, 108.43313672794021, 107.29646543577, 102.85997199788551, 102.2476279072776, 100.0255748940372, 98.5807037523186, 97.1358321466779, 96.8004217624014, 96.6593397833277, 96.4133961708048, 95.1489763129029, 94.8093347546022, 92.7020702753775, 91.9620642694977, 91.4083386104826, 90.4045944442932, 89.6821587890139, 89.6419639358946, 89.07035833197901, 86.6549704490694, 86.2211036779038, 86.03498611830149, 85.7245213889493, 81.92568700733159, 81.3128383143186, 79.94857926614971, 79.7045582836506, 78.4610469978288, 77.7619948281033, 74.8384602925854, 74.3750344948476, 73.881236229633, 73.4536868322201, 70.5952359002541, 70.49273637230999, 69.31844165673449, 68.9710148328366, 67.07464478927609, 66.9721716232935, 66.9556321671954, 66.5683891571538, 66.3427350699543, 63.4043180687562, 63.2092743320958, 62.5519829504196, 60.4636476746589, 60.144155833963794, 59.795012218774204, 59.6981634801813, 54.86824003572, 54.780632902379104, 54.3691655956923, 52.4849426807397, 52.074434416381195, 48.273611996371194, 48.2653239916923, 47.8631960442972, 45.8284042106256, 44.5431866898354, 44.383764552055204, 44.0939235336564, 40.753005969426, 40.346754777579896, 39.2527103471361, 39.1754312070888, 39.0371034688989, 38.893005578720405, 37.73604232199791, 37.7256412977531, 37.31344446675, 35.5938654265404, 35.005007429147405, 34.0530042596121, 32.9301223848192, 31.3862403950604, 30.4834369581366, 30.2066341097919, 29.2075438957959, 29.1874521736755, 27.624442345168802, 26.9534074562694, 26.493951692367, 20.7517465486992, 20.035974584884798, 14.466695248727099, 13.117324585124699, 10.0689185396238, 10.0088220280455, 2.68267630068354, 2.1066234109141657, 0.8417002430004984, -0.1482557651251576, -0.7469584671343842, -14.9876118565863, -18.038935813095602, -46.7616700241973, -80.5594373481303], "curve_fdr": [1.0, 1.0, 3.0, 3.0, 4.0, 3.0, 4.0, 5.0, 6.0, 7.0, 8.0, 9.0, 5.0, 5.0, 4.5, 5.0, 5.5, 6.0, 6.5, 3.5, 3.5, 3.5, 3.75, 3.5, 3.75, 3.5, 3.75, 4.0, 4.25, 3.6, 3.6, 3.8, 4.0, 4.2, 4.4, 4.2, 4.4, 3.8333333333333335, 3.8333333333333335, 3.6666666666666665, 3.2857142857142856, 3.2857142857142856, 3.142857142857143, 3.2857142857142856, 3.4285714285714284, 3.5714285714285716, 3.7142857142857144, 3.857142857142857, 3.7142857142857144, 3.857142857142857, 4.0, 4.142857142857143, 4.285714285714286, 4.142857142857143, 4.285714285714286, 3.875, 3.875, 3.75, 3.875, 3.75, 3.875, 4.0, 4.125, 4.25, 4.375, 4.0, 4.0, 3.3636363636363638, 3.3636363636363638, 3.3636363636363638, 3.4545454545454546, 3.25, 3.25, 3.3333333333333335, 3.4166666666666665, 3.230769230769231, 3.230769230769231, 3.3076923076923075, 3.3846153846153846, 3.3076923076923075, 3.142857142857143, 3.142857142857143, 3.0714285714285716, 3.142857142857143, 3.2142857142857144, 3.2857142857142856, 3.357142857142857, 3.4285714285714284, 3.5, 3.5714285714285716, 3.4, 3.4, 3.466666666666667, 3.1875, 3.1875, 3.25, 3.3125, 3.0588235294117645, 3.0588235294117645, 2.8333333333333335, 2.8333333333333335, 2.888888888888889, 2.9444444444444446, 2.5714285714285716, 2.5714285714285716, 2.5714285714285716, 2.5714285714285716, 2.619047619047619, 2.6666666666666665, 2.7142857142857144], "curve_decoy": [1, 2, 3, 3, 4, 5, 6, 7, 8, 9, 10, 11, 12, 12, 13, 14, 15, 16, 17, 18, 18, 18, 19, 20, 21, 22, 23, 24, 25, 26, 26, 27, 28, 29, 30, 31, 32, 33, 33, 34, 35, 35, 36, 37, 38, 39, 40, 41, 42, 43, 44, 45, 46, 47, 48, 49, 49, 50, 51, 52, 53, 54, 55, 56, 57, 58, 58, 59, 59, 59, 60, 61, 61, 62, 63, 64, 64, 65, 66, 67, 68, 68, 69, 70, 71, 72, 73, 74, 75, 76, 77, 77, 78, 79, 79, 80, 81, 82, 82, 83, 83, 84, 85, 86, 86, 86, 86, 87, 88, 89], "curve_dd": [0, 0, 0, 0, 0, 1, 1, 1, 1, 1, 1, 1, 1, 1, 2, 2, 2, 2, 2, 2, 2, 2, 2, 3, 3, 4, 4, 4, 4, 4, 4, 4, 4, 4, 4, 5, 5, 5, 5, 6, 6, 6, 7, 7, 7, 7, 7, 7, 8, 8, 8, 8, 8, 9, 9, 9, 9, 10, 10, 11, 11, 11, 11, 11, 11, 11, 11, 11, 11, 11, 11, 11, 11, 11, 11, 11, 11, 11, 11, 12, 12, 12, 13, 13, 13, 13, 13, 13, 13, 13, 13, 13, 13, 14, 14, 14, 14, 15, 15, 16, 16, 16, 16, 16, 16, 16, 16, 16, 16, 16], "curve_matches": [1, 2, 3, 4, 5, 6, 7, 8, 9, 10, 11, 12, 13, 14, 15, 16, 17, 18, 19, 20, 21, 22, 23, 24, 25, 26, 27, 28, 29, 30, 31, 32, 33, 34, 35, 36, 37, 38, 39, 40, 41, 42, 43, 44, 45, 46, 47, 48, 49, 50, 51, 52, 53, 54, 55, 56, 57, 58, 59, 60, 61, 62, 63, 64, 65, 66, 67, 68, 69, 70, 71, 72, 73, 74, 75, 76, 77, 78, 79, 80, 81, 82, 83, 84, 85, 86, 87, 88, 89, 90, 91, 92, 93, 94, 95, 96, 97, 98, 99, 100, 101, 102, 103, 104, 105, 106, 107, 108, 109, 110]}